{"cameraMode":{"drawMode":0,"name":"Shaded","section":"Shading Mode"},"sceneLighting":true,"audioPlay":false,"sceneViewState":{"showFog":true,"showMaterialUpdate":true,"showSkybox":true,"showFlares":true,"showImageEffects":true,"showParticleSystems":true},"in2DMode":false,"pivot":{"x":12.737602233886719,"y":38.467308044433597,"z":-16.307363510131837},"rotation":{"x":0.26207274198532107,"y":-0.31246575713157656,"z":0.09012553840875626,"w":0.9086036086082459},"size":2.076641321182251,"orthographic":false}